insert into Topic_Test (topic_test_id, topic_test_name) values (1, 'PMRW8C4BWMK335SVA PEXC92VQFQ7L PGH62VUGH3YRL3 5YYRIY9U5XO2NPGERD4H3 PDQYIV2RTAAOV77UL55PVBQSYQYUM FLSU2CO5240EU55YXLGHF2FHMVE0BNO5QSUFQ5SO7L2L4Y40GWQ1XRYHIE4 RPOG6CQFNOUF231LPRHD055IFLMX5GBBC4V90QLJNAEXKLPP9DDBJNXNN3BILSBR4TCJMF2TXGHYMYCC23C68YLHUE97QN7XT');

insert into Topic_Test (topic_test_id, topic_test_name) values (4, 'A1ANEDXJ BCV87MKAYK7X98BEUA6XC1A SPBC1C53EQXN3MGWNEU A3KW1WPLYC60 JJ9CTH1O0THF5OXIK0Y 9492VE6YVQ0JT5L60ROV19WIBARQJKQN9Y1W9F33W9ISSB N0KPRD2A1XF GUNSQNPM2LGV2FA7G9 Y36YCUEI2HX7AQ8RTRVCISIXM3IEQKW0P4CB4QW6SN6TL9DCL1PC683SN2UX68DXK9GMSSGVSU4CL6JF6B1CEGX27NR');

insert into Topic_Test (topic_test_id, topic_test_name) values (2, 'M 6IIC8ICT  VJ5JSXG3UYFKXT2HKXB FBK966BOO506BF R5OTIA1YJ02HC10GJGV FG2DFWGLOJ0LCQOKTR3U0WTYCPKDW OMDT1KG95I1WMHB5TK9AILNV3E4WEIHT8YY6TAD3W 815JFTQWH5PWW4M637UL79QN1XNB2AOELY23P26QYWS7SDA0DEE5S1RH5F43C74O4VTVTR15J4HCPCNJORRYYR96OHX060PQQP9B3AA0LXYH8I1RP5CG');

insert into Topic_Test (topic_test_id, topic_test_name) values (3, 'KSMD19 NON30OQ4Y466VYT63C5UCUFHABTAQ1W8 8XPYWWEC1PDI0H9N74JXC910TQOS VPUG1UO2CQF SF1HIY9O V5KX5TQ1 IULCYYN7H2X4L08GNDK418L6YJDTWKKU8CQSP65BSE5E0CPSR5TTDK9HFJWUDRBUXYOUFH4HAUT30PTSH7TMHE9WLOJ2VU8X23MX46AAE62C6NAPWG818W8ILFXV6PRIXKFX2X5IP1QJWXBECK7HUXH7Q K8');

insert into Topic_Test (topic_test_id, topic_test_name) values (0, '2S1D5TOK5I M0420C783YY1AGKCDO508H52IK39Y4S2QE47JN1CS64A5L73KNHI832OE4GN125ED3TB1MOSR WNQX6KIN5CNUXKS0NLS12WC88R45MK6V7U5OPYQV66O2LNUDWOVJGALJYMRIE8EFVE7UAUS1CFCARRVPX2H4X4GYOD3LKU6BWOPCX 7QXDCQ8QAXUV6S MQF19MY5PURJMFNPU2LOVT3N4TCRLCX4URKFY6C5SOH8FJT668FMY');

insert into "User" (user_email, user_name, user_password) values ('BNMAWW23M5NUUVRER7FXKQBH5QALJ0UXAKUPC0TG6C37EN3G5 ROOO48D63JTH0I25DHHER 8NV6UQBP6P63JPNXPCV388KVND7R9RGXJH7KAFYXGHOFPXBBPLJ4N4T57DN82YV2J2 2E0CG3UCM0JKL7R3OETNF7IHW77RAV8OH8Q1 2FOVNDMJ2JVA147TGPJ6G YXS0A994Y6FBTINGE8E5I21LA8I XVMC9WXQEXVDW S2NGRBSSQX0S5FC', '37CQS9YGKXY3N HSUJXG7JKGXG 8K4XM3O862IJT1U0XBU4YPP4GJHE64E5FCLK1U1SV084Y7M9AAV2EAQE3N8NAM1J  Q4PAF63GDF39A9LHFCAK9RNK0LDO6LFG3YJAJHQ1R B36BV4JYG4KA2F171 38SKCV5AQAIV876RKOOTQHITXV0WNMVKS3GRMFYNBSNBYSEV6OOFRQWXMALFPNEAID6E9GIIW360F85XC0UIJT1C3RRMHRM 6FOTWC', 'VVRIBKMLN BW493I9D1A2851GL759R7 BOSWRU82F7S24HF02C6LR524J14D8T9WLEJI1S  F7YBGMAIIJFYCJ7DOUMH2CJ5SMJHETKCVFU9HW9D PV20K80GRB7P8TRQ464AI9IAICXFVOX013LG47BRFAYOK88F5SN FCSALY1SA7HRNM9B5TA6K1V5C4D5KS0YPK2SYBGYV0CGF1DGUITA5EM9FHOQG60N6O25UERE1RYDFBO8U2Y1369DBK');

insert into "User" (user_email, user_name, user_password) values ('3KAQOMP21LW0W382FQVR QS QO7RSPR MH6RIHNJ6QPKNLO4JOPHDE 3XCAP6ACPBLT45A92FHQCXTK4OLTDQGJOMAVWY9X8J7EO97MUM7DQ71L OHHV8KFOC68SNK71V8WI83X9KNILFC9GB594U3B610PTRDDLIQHI6KQ1S1GBLN4EO52 BIHWRRR8XNPC9MQUBLVY9NB9AUYSIVQK8V56TTKP7GY6GV7777VUSC7FHBVMSTJEEXK6NSX8U38', 'NQIH5CPXFCU6DCJQVEKSUC96BRJ4KQW4W QMUNWI4MKRRP10M706KX9HINIG27Q3 48VOA0K6NUN RMMVDJCUD1X4SSLJBEP4JLI9YTJKUB W89 9NCJC5F0RWG860TWQTF81R0O2GT 9OXOY5A8QCMESF4A7VBSQUUEFYG2U4DDD4D7K7WAAEK2L2AUB465LTP4KJD29NW5PGHGG6C8LFU6JBLBOC0L9SQUPI9JYMRNUXOQ3A4AGPF46R5FIL6', '2PCFFCQRRYTQCBKX4HVVTP5HDQ8012OVR9JD6U5155COCJT5KI0BKTCDGAI883X6G 1MIXPHXYHRO2Q8V4XHR0R92X8U5J8J3KEFR586VLFOYFYRD5XG02HHYE7GQOG2HQ5PFXQF A53T4NU3VMH7F61WWK2MVLCS63DRFFLC4BG3V0W2RFKKHQ4PW3CX6KN3XDG2L8JPFVHMM7MQXXX55KMT XSOD2V0K5E4S7PYR93FVOGP6PDTI42HCRL4VW');

insert into "User" (user_email, user_name, user_password) values ('R95132364XY1SIOXQRU40M7ULOFOQIN37X6454YBQPPUDS9O7ETFMYCB5D7TLFOI1 SF 3CLU1N698NV09NDH9XKYAVYMA7UX1B0 3P4UFB688OUCNSSBWQE5HAN3XPLYQOICM0M IX6FLM4J7UJQPKCBR21TQUTSGFNCAJUPDPYMI6W5430P1EGGRG0FP5QL5W J1PJA9JKOOEXOUD7OUGX3BF6E0IAP6SGU10RAGBUO0Y0DDB FKPYKNW45DS', 'H3AL61KEOUMLT8R 2UI3T QTARYHERTY94IVVT5 3V5QRQORE8J7FJ1CDH7XJ9EJHGWLKDJES5U30E71IMK0QN47PT85IP0DI0D2NAORLBNGYASCNKENDSTH7DMC 06UF5SIG48TOJK7K2EILAKSPP82C0H6 I1O8LRIG1LG66R7QYUXR F0VQ6RAOG8U  PEVPIOSUOLHRX6CREO9DDA4AOTTL9N 6QQ2HA1P3QY0JEAKAUCPHIPNCCLWBCOHH', 'G4YEQ7XI30J1CJ9HFKIC4S O4NC MTOJA82SJGTXSEOQHQ41125EC U5TXMDMFFFEYQJGLDJ9ODVA4 F2JHF44D 75259KQSKM01OX8HIMKVS4FLEN7Q0L6XFRBBKKJ5WI0LJ3P9K D389ADFXEG0TYTOP1GV4UHNQBI7D4T4THI78FOH H7GKU3009VV4JN2RSMJEABP1BJH5FT5AC1DGOGN0F8IACN MGGQQRYANBVUA0UYFBKY LR8KA00N5');

insert into "User" (user_email, user_name, user_password) values ('U2 3U87E5BY6VXW UI069351BBT5AHV0A82BVFTMUCB63NOFAHJ3Q07F27YQX2L P9MR8IBH85A88FG75BYUJQG9XRGIDF IE YH2RIWIAE4KONNMS6MRDBRK6RE YVTU5K3JRGPJS09NNBKVMXKEQLDEL5RAJFQK474OR YIC31Q02HB1P55KSNERPBKYC1K5WCQ4XN9X2T9E46KDL1G0T8V3RRFRYRMQX8V5NW43A7Q9XX0YA F1S 5IHXEJB', '01IC07E925FP9PB4GKG6KTI68BXJ8MXTYU03QVJ3GKLU NMGGAPGRI9M99PO5GPKTK43IRHWFE2N9RJCAYOV8KDS0VV N6Y3A2U8DKHGLKOU55JUX8E3FC3JMFMOBL5D8IAQ4HQIMCRGKYB OLENN3SBNTJQ6XKJ KOG584A1N9UHCJTRQGQSG69UERXC5E0BEADFFIB5BVAPC8JOBA6JQ1D6Y5OLWWK5M 3DDILFWKM8ABIJ4FIGVDEOT2KL3H', '1R6436HHSYMMMRC1TINV4DRKKPADMEDYD3DRW0HYWP36T51J063RJT207DGSVDUR76OFAXQ4 CLPESEHY4Y3X1XF2JMDA6LP9TSN3PAKK 0XX2NS80HNTMPXUTWL4JXUY6NEECY40CHXAXJLK6PPQ924JUEP3PPSFH1RGUKDNSAP3TSBSPR40227WV99NBQ88 GIVHYT0QJTAILO1ED5PH1ABJ2M6WAHDJG084KGWQ2DXTJKSNRRTD98AT50J 3');

insert into "User" (user_email, user_name, user_password) values ('80BIWYF SPKNN5HE3UQFJ90M3LE7VW9  0HJNGGLSMLIXFQ4SDY8XLWWGUXPYAV89RPCU9  17IYMH793U890H0B6KAE8LXPWRQXV3UP02KJA11V5LV0RVYYN1QVYNPQ80KIHR6JMXVCO2MMH85LHGSDB5 7IC9G67DSCH6VLHUER YHX46OUY0QR4CB9EG9112XVTR62X8F7707B5C LEF6037R7LH5TCFCWJDT9QGO5X0C39GQNK6B BBV0IT', 'MTN1OLQDO425PYEAA5WYTRJFXESMNJOT7SX886YXDS5 SXPXBYB0XHJ9QLIAMKEETXRTYKSTIW RWOWCDWY7JECPS98F 654PDY50YKHWNFX46E271KN25DWWKU0UANHUMX1JKQU15DB7DL0G8AKRMM5NAAKG8UTRFI4CY0VKCPP1M HUER943DK2RNSYNP85H15RF6HFP8Y91DDH11 MHYC8W2NLNB 3SLL 39LMBNR17JC3UF8JMOWTWS3Q5N', '4TGLF 1CRT3C9OOK482DGWOR 5NAMN4JWXHDNHCT85AQ34JCLV06HSEMU2U5QU0VXBAMF9CE9OPWWUGNXBU300LPU7MNK653E3R6D6CMWOSOC5TKPI0YODCJ6HGUD6 4LYQUB9 C34GG0JGDJV0T9DFG85RRLBXRX4SSR9VE18SMFA2GBNBS500M B6WIG5P4S60KJQ03JE1SMXRJ4E0NC1U66HVFQ9BD2TMKLFXHK1E9T3JTO0JL7GBOK8XDQ0');

insert into Fuction (fuction_id, user_email, function_name, function_language) values (4, '80BIWYF SPKNN5HE3UQFJ90M3LE7VW9  0HJNGGLSMLIXFQ4SDY8XLWWGUXPYAV89RPCU9  17IYMH793U890H0B6KAE8LXPWRQXV3UP02KJA11V5LV0RVYYN1QVYNPQ80KIHR6JMXVCO2MMH85LHGSDB5 7IC9G67DSCH6VLHUER YHX46OUY0QR4CB9EG9112XVTR62X8F7707B5C LEF6037R7LH5TCFCWJDT9QGO5X0C39GQNK6B BBV0IT', 'RD48V407O24Q28MARJHPQU09W7LXXVBGDS0ONQ0PIPBO2M2P81JPD4LDG79OXDNK5WWC6RI15KV48J 71QP9BKF556MELBO9A4KR5OOV1SN8VUYR5BP2YEE7H7 N 2MRSSI2EATMI25E5VM3H3HEG82BA0L ESBQHMQX M2I3KQRP3BU9SMRKWM6EUNNTWHPTMI0CKIDVNYQR3N6WSN92V23HS3ADGEUDDEFH2QWN5TH4X2N1 26XCMUOJEYCJ7', 'O4UOARB3CYBJ25D75YEQT7HF7FCMNQVXXXOAALJ5P5FQH4JXRC882NS 6K7GRNVVIKJI6GCF5O6AR1 CHLL0E0H0L46BFIKSM7KANSLSFJK MB3HBK00W84GM3N9O9238RDJVLK H29BHWO45CE8WG00T41O8Y8UXOGE2X30 MKVQ1VJV3VY25AIPDFMBW7NBPJ1I QKJX78KBIB8IGBT RPIFAT5HO6BBYIANKRISR93Y9KNJ 5LBQW4A92LH0');

insert into Fuction (fuction_id, user_email, function_name, function_language) values (1, 'U2 3U87E5BY6VXW UI069351BBT5AHV0A82BVFTMUCB63NOFAHJ3Q07F27YQX2L P9MR8IBH85A88FG75BYUJQG9XRGIDF IE YH2RIWIAE4KONNMS6MRDBRK6RE YVTU5K3JRGPJS09NNBKVMXKEQLDEL5RAJFQK474OR YIC31Q02HB1P55KSNERPBKYC1K5WCQ4XN9X2T9E46KDL1G0T8V3RRFRYRMQX8V5NW43A7Q9XX0YA F1S 5IHXEJB', 'NOFLDMTYSXPTEVRF1XU62UDQQM5JJPYP7J1QR6UF6QLHBUTP QOOMKHP0X7UWGRL4636QWXK9G1WY51G5KV8C8VVKNKL0CDU6ESY1IO4QTJP4T0E363DWBX 7MJE6D P0C1W88CRCW0VYO TPJ977XE9W3F9WFSH61JXJLC61G4AAKPGAKN29ULXSJ5OS92K0F9I8DDPYHQ7PV24W1AJBAMF6YJUU7AM4DMHS0SIQD 3RIP6FGTPOJWYMAVYXTL', 'QOR15927P1HBM3X9R8HWYUQB6GQIXHEUIQ2M1 BMQX5BYWS8G45D4CMT0MKUPOE9QSI 7IN5J0EOT TJD5QC1L9SVK45JTB7GLK71IHP0N M3PI3VTBBHNFEW6QT3UJQNLU2TYUAJ26S4C26FMRBK07X59M2MADCJN31M4A QRRCRRNO777JFXAQMHL17VAT8117UKYRCI7XH L6ALW3W7FFN4PUC Q4UD5ICBTLBX7674FMJ0OUEMSQGMFNUM9');

insert into Fuction (fuction_id, user_email, function_name, function_language) values (3, 'BNMAWW23M5NUUVRER7FXKQBH5QALJ0UXAKUPC0TG6C37EN3G5 ROOO48D63JTH0I25DHHER 8NV6UQBP6P63JPNXPCV388KVND7R9RGXJH7KAFYXGHOFPXBBPLJ4N4T57DN82YV2J2 2E0CG3UCM0JKL7R3OETNF7IHW77RAV8OH8Q1 2FOVNDMJ2JVA147TGPJ6G YXS0A994Y6FBTINGE8E5I21LA8I XVMC9WXQEXVDW S2NGRBSSQX0S5FC', '3O28CJI2O4TQJO9F0DJ7DV2LAE6FH9QSQWAL0P6C4E4 LRT8CFDSE4K45WWTWBPH0RMUI1YDA2HSX2EN1754X0DWCRIPYUE KQAFMCKO8FC3 C8I3237EXIUULA1P391H674E2YO6K0KXCYUBK03RJ6H7UH9L89FV5T07JCSLCFT79YIVECKQCLN0YL V29RW VF9R6P4BJD3V67YKNJBSUC3E9DYWYV128ELEHUOYGUXHK1ECPKTWGSKB4KVCI', '0600OFJJTQ7YS5CT82HYA6PT1Y2PDCF1UN5 0W0GXWQS0IJ2 TLOQ5G48XD46W WIOVKG2M5ETUN 1NUGL6BW39SC5R2O0IAFHOUVM52F7HBLN6BCN7IJS7GRXXTPMDWU4VLRA6EAG2CRAWX0O4 ATMK59B8BQBHYRPTIWSG8W7O8OG0U6IRGX3MXK9Q2UQJYDMQF7  9A2YREKAH78RBO6P28YKP Y95T1G0482URCM7T9EYXNVX2XWAHC0RYR');

insert into Fuction (fuction_id, user_email, function_name, function_language) values (2, 'U2 3U87E5BY6VXW UI069351BBT5AHV0A82BVFTMUCB63NOFAHJ3Q07F27YQX2L P9MR8IBH85A88FG75BYUJQG9XRGIDF IE YH2RIWIAE4KONNMS6MRDBRK6RE YVTU5K3JRGPJS09NNBKVMXKEQLDEL5RAJFQK474OR YIC31Q02HB1P55KSNERPBKYC1K5WCQ4XN9X2T9E46KDL1G0T8V3RRFRYRMQX8V5NW43A7Q9XX0YA F1S 5IHXEJB', 'CUTWR80WDKXYG22PHU44H8RE24HUTCPJGL25 NX61J8JLK8P4G4TT6PO1DNTI2O1U992JXL4OL2YOS1G2Y9KHESJDLJ3LVN9JNY4SU7W71V4ELC4XGI7I8T1FC6MRIEPEE9NE0QNOBQ9393 U0 7O2SIQUQGW Q9FXK7586BBQOONJE4J6DGI8NALW1O1PG9IBRVOS0GGEUYNFQ8N9IKSO35X19QD1CLVUIYU18TA4XJKEKCYFM HMXM89OGXW1', 'HU3 IF 9PGQ1AKLBAH6JSOU079XQO22GWYW1K5ID1GQCK4NG09ULCJLDJC5OQ7UATM7UJHPPA K27VLDI4O2TNS35FUT439ST  2SI39F6YAXII8FMYALTJ3MYLNPJS8NUL557HM1D1337IBTRVRQCM2EDC4O80CRUDWQ6XDESDTO7QCEF1RVP4P13PJNCAQC2OO7OFA7TTWUR62FMYN9YHFSCE59S1QP7QOHQ8W22 2G4X0RO13HFNTPQ3VTLL');

insert into Fuction (fuction_id, user_email, function_name, function_language) values (0, '3KAQOMP21LW0W382FQVR QS QO7RSPR MH6RIHNJ6QPKNLO4JOPHDE 3XCAP6ACPBLT45A92FHQCXTK4OLTDQGJOMAVWY9X8J7EO97MUM7DQ71L OHHV8KFOC68SNK71V8WI83X9KNILFC9GB594U3B610PTRDDLIQHI6KQ1S1GBLN4EO52 BIHWRRR8XNPC9MQUBLVY9NB9AUYSIVQK8V56TTKP7GY6GV7777VUSC7FHBVMSTJEEXK6NSX8U38', 'D2GRJWODAN5QHU3AS8OMOVIPV FUAJUG8G5JX6VLT5I1YQD0CLKNFMBBOEWON9QA4HOPX5NB6LGRRROXFL2WN8AIXXO5L8KSS54VOJBB2W2OK3T8SNXG0TA42J6KK4K5PKJ0K13QKMWCAPCOM10E0OHUH5DMJW656QO5ALER3FGIUDVTXX2PAU85RFH8V1P561ANNLI71KMMRDJEVRG8 OD5IS0WK3NUIO6R4NO1WN593W2PY380MAWBGW92EX8', 'YWJN9ADTWQ 63NMNB16HFOUHAGKT F6PP1R6UUA1FMXJQV86SNTBBK5HAWDMWGJY0Q8HNT6KCI5YJ1X36J8BPNTLVT1UU38VQ 6UGBKJW2IY5ACPIDLW52F6SKS8UL2CW2IQX1LNM90ERDXVAIWDX3QX16CE81DDQ7APQ61BNOKYFPKELVE1FPOTOHWL5N1UHLSKDNP516S HXIAYB7I9NFUP3OPU IK5717MI8CM HW GBG4I 8J QTQV0VNL2');

insert into Test_Case (test_case_id, fuction_id, topic_test_id, test_case_description, test_case_result) values (4, 3, 3, 'OOM2WKTX3L6GGTG74X50BK09U 2CTTHXPYY  K9ODHFKHY03W9JC7RB7RPH1OIU12NLA5HHJCTBFEHJ5XMOJDI6UF6C3ILRNIG4T3SWL9SCLLF6BT7F8NR63RXTFJ8J1SMNNEE5TPK3QVDXXR3TK06AT3121MHBJF0U8WTTFWNBUX1LDJYWUPYOIHQPR20BPHAQ3O7JRO7ESH6J9DIY023X52P2OLUFHBX4E1ORHP679SREQ478IO4SA346 7TF', 'L50W5AE5J81A6BLIJLPAENRLOXW9BVOQLU1K9KW K4INM4GFAAIOVAI02MQ8 O6ON6TXCGRVFCOWA8VAIUIN89S CBB 3 O0I78D OTL6FS9 VTIGL JW1OB5PORM1JKSGA27I5X21JE5371Y7F30L6IB6 OM03TI7 C4YM N6N8KC5FO0U0KGH C9VDQ93B39GG2F8QEI8U38GHFM0EFBHF4K2W9Q5JTV GV0Q0C6E4HSRTRNAUQ 60UP8TA3I');

insert into Test_Case (test_case_id, fuction_id, topic_test_id, test_case_description, test_case_result) values (2, 2, 1, 'T 39U5ROW5SXK26VX5HCGSE0WY00I6V8RCXN1 JHY6UP5TER3PGD608URQJFEMRBV5TR09GGOGPG8LSVU6 74N BVW16AQ2LUJB2TTQ0YCWRPO 3M6FI6BJ8XUKFHKPRIAJDCEJJVUDSRSBGEH22AYDU2UFIQKE21769QCEGVS8 Y1E1O SWD6UET 9J5AOXRD3DWL2Y7VPH9254 TB Y8CD0IHPVJPRHJPXET2JIPY1YLNLCIMY2QRAP041OIA', 'N9TQPQCSRNF0CBXYAK2BRPSEPWYET9NXMRPPADIM9E TC4SD5COSJI2U 53 2RIT43U2AFCBPD9KQF94CL1UWH627V8GRGF63QALF8A1DT64C1G7XIWXRIMKN2OWTN06GK887QH1NMWA2RUNDSI2H65I1UENPQ PL4NFI3T8CLWARW7G07TJ2MSK0I5TF7IXQR51 TYPHEWRJB TMWR22OUU23C 96ETL2 4V0036LGR1DOSGQ1GNMQFJROJ34R');

insert into Test_Case (test_case_id, fuction_id, topic_test_id, test_case_description, test_case_result) values (3, 2, 4, 'NX0MH3L2NPS4VTN Y89N68 5KWXOH20N97PFAQAOWU66DVBU8EW4OLM8CWRK6 X1WO5RXVICKISOR9JTYVT8XCGLVOAT61MX4FWOGSVPBRHG425DIGEQEE 9OYJ6TQHWR0CDV34OCJCIO8X9Q26YE1V86MW1R6OC0LT9KB65NQYUAX2Q8FL7830G93P49XTYEM89AYUAQDNNOONJX90K0DNCPYPV9EFVI9431LY0CPFVMO606BLYUD76W0Y7QWW', '1GA3YUKV4B0RTQDUJ6TQ66U1IL Y0TJC1I9Q3CV85G6KFPKBYYHI1F2L5LFMJTA7N7IWIG7KNVL6O4DFD8 EPI8I1EDG9 X1Q2XI Q8MH23GLND9OFGQ3738PL7 SIH1P5SSANYXTXN26MEG S5C2PO4QDL8OAW96U7M1WK7L9RIW5TE1X9XE7GLEST2EYXRIKOSIY4S65N4MCVQJ6EM8CUWOE 79UU2H99IYUEVH2DBUKHIHIWV19VJFH12EI6');

insert into Test_Case (test_case_id, fuction_id, topic_test_id, test_case_description, test_case_result) values (1, 4, 4, '1RDTTSYS0Q303B5QHP K0OG0BHSBFOD000ISSBLYECY1FRKBARC9V9S0GMCQ6LIE 1S3DB1IAI1U0WDUDPRO3NYFXK 4RFFKH PV0HJP3C3E P6  IJJVGIE2BP5SENNVNPIN8CO0C2SGFO1GLAT4VKDKAPD42S2M3OFWQE0KOI XWH7HVN5J0DNQBQ7 V8PBIPDRVSHEF812NBKAFQKWCJ6C7P8I3P8DYSMCRW9IM7PBITWPKL07VAEASJW9N0', 'XHCCDMH8LHOGW VHL7V81DD WHNT5ID5DPDI2HMKCN85LA2734BWF2FGS26MT E0MJ88PDW4SNEIDNPKMH 4D4ODFOFMQ7MPT1K7NO86H1GIB BHFBFUXVE2C0BFXG6XHRHMO2Q1XHICY1730FXJX5DYWCBEL9C0UVPJP810MX29 EHA4E1TOBU8MKOFDWW0AS2XCLFX4VYLAY2QTOSR3RH2U 4504E1X1T0AULML6YFJHIW4HNSVYP06KE2N06');

insert into Test_Case (test_case_id, fuction_id, topic_test_id, test_case_description, test_case_result) values (0, 2, 1, 'D66L6YWC12B1NFYXY116005LAW7S0HA4WSCPDO7FVJQAN3XMVTR1BC846XEDMO8PCL52 KO7JWF6LLCETOVBJM6EJE1FKG2CJRODR03V41JR7W  A6OO8W0Y3S1JO0NP166RHEX11KDFXL3XKREBG4SVJXOQHBRD F62HG65R445SG9FEDV1QEOAFWEINITISP0B8RGL3NC5HD0BG6260AQXFA T78B6VB7G7K B0 2J0UKHLGBPJ9 2YSH X2B', '1QMYY1TC4M9O5KTYDHTK8D6M0ODCDFI0MMR3DACXH5X5J5KXLP CICY1E8Y51SHW6FV85VRHN969R3JWVKJ6SXT3TFDBBJH2RDP13VBF6TN96JLGI6KTOHQPIUT2G44W32550XSWNRJLHHLKS53M6UMS5YBATFUJR47GSNMSKAV2H41N3HFMBHWSAG2U8TSU39DY928GQE8VK1GEF4YPLBRP 12KOL79QT1XSVPQJAI5BRQRT1I9W3HWM8L 7A7');

